Epochs,Training Loss,Validation Loss
1.0,17108.742704288954,4669.2723838455695
2.0,17107.842379979633,4669.036999886713
3.0,17107.54948145844,4668.960423662269
4.0,17107.404619436293,4668.922550582504
5.0,17107.318266343933,4668.899974245491
6.0,17107.26095214213,4668.884989911234
7.0,17107.220146409676,4668.874321590248
8.0,17107.189618909815,4668.86634043283
9.0,17107.165923011315,4668.860145343091
10.0,17107.14699763205,4668.855197466945
11.0,17107.13153474062,4668.851154829766
12.0,17107.118664295445,4668.847789966065
13.0,17107.10778512298,4668.844945703829
14.0,17107.098468529322,4668.842509964528
15.0,17107.0904005972,4668.840400677069
16.0,17107.08334619184,4668.838556367399
17.0,17107.077125710628,4668.836930079923
18.0,17107.071599606683,4668.835485331284
19.0,17107.066657814146,4668.834193345693
20.0,17107.062212355035,4668.833031122059
21.0,17107.0581920643,4668.831980054892
22.0,17107.05453875743,4668.83102493237
23.0,17107.05120440079,4668.830153196482
24.0,17107.048148990445,4668.829354388578
25.0,17107.045338942302,4668.828619728382
26.0,17107.04274585401,4668.827941790354
27.0,17107.040345542897,4668.827314252146
28.0,17107.038117290547,4668.826731697117
29.0,17107.036043244127,4668.826189457786
30.0,17107.03410793734,4668.825683490655
31.0,17107.032297904934,4668.825210275338
32.0,17107.03060136901,4668.8247667326095
33.0,17107.029007982936,4668.824350157441
34.0,17107.02750862031,4668.8239581638245
35.0,17107.026095200312,4668.823588639094
36.0,17107.024760542085,4668.8232397058855
37.0,17107.023498242965,4668.82290969027
38.0,17107.022302575748,4668.822597094937
39.0,17107.021168402,4668.822300576488
40.0,17107.020091098297,4668.822018926161
41.0,17107.0190664932,4668.821751053393
42.0,17107.018090813537,4668.8214959717025
43.0,17107.017160637777,4668.821252786562
44.0,17107.016272856115,4668.821020684957
45.0,17107.015424635778,4668.82079892628
46.0,17107.01461339082,4668.82058683445
47.0,17107.01383675576,4668.820383791051
48.0,17107.013092562738,4668.820189229309
49.0,17107.01237882116,4668.82000262879
50.0,17107.011693699944,4668.819823510798
51.0,17107.011035512034,4668.81965143424
52.0,17107.010402700223,4668.819485992019
53.0,17107.009793825117,4668.819326807829
54.0,17107.009207554252,4668.819173533285
55.0,17107.008642652097,4668.81902584538
56.0,17107.008097971593,4668.81888344423
57.0,17107.007572446328,4668.81874605103
58.0,17107.007065083595,4668.818613406235
59.0,17107.00657495804,4668.818485267932
60.0,17107.006101206156,4668.818361410361
61.0,17107.005643021083,4668.818241622587
62.0,17107.005199648243,4668.818125707317
63.0,17107.0047703809,4668.818013479799
64.0,17107.00435455668,4668.81790476685
65.0,17107.003951554016,4668.817799405961
66.0,17107.003560788937,4668.8176972444835
67.0,17107.003181712666,4668.817598138905
68.0,17107.00281380848,4668.817501954164
69.0,17107.002456589795,4668.817408563043
70.0,17107.002109597877,4668.81731784561
71.0,17107.001772399857,4668.8172296886905
72.0,17107.00144458691,4668.81714398541
73.0,17107.001125772764,4668.817060634767
74.0,17107.000815591913,4668.816979541218
75.0,17107.00051369854,4668.8169006143335
76.0,17107.000219764857,4668.816823768436
77.0,17106.99993348024,4668.816748922323
78.0,17106.99965455009,4668.816675998948
79.0,17106.99938269462,4668.8166049251795
80.0,17106.999117648083,4668.816535631537
81.0,17106.9988591579,4668.816468051992
82.0,17106.99860698387,4668.816402123739
83.0,17106.998360897294,4668.816337786983
84.0,17106.99812068044,4668.8162749848125
85.0,17106.997886125806,4668.816213662966
86.0,17106.997657035576,4668.816153769732
87.0,17106.997433221015,4668.816095255776
88.0,17106.99721450202,4668.816038074002
89.0,17106.99700070658,4668.815982179431
90.0,17106.996791670295,4668.815927529103
91.0,17106.996587236048,4668.81587408193
92.0,17106.996387253563,4668.815821798619
93.0,17106.996191579034,4668.815770641579
94.0,17106.996000074738,4668.815720574809
95.0,17106.99581260879,4668.815671563824
96.0,17106.99562905487,4668.815623575594
97.0,17106.99544929174,4668.815576578431
98.0,17106.99527320328,4668.815530541961
99.0,17106.995100677825,4668.815485437023
100.0,17106.99493160849,4668.815441235637
101.0,17106.99476589239,4668.81539791093
102.0,17106.994603430816,4668.815355437075
103.0,17106.994444128795,4668.815313789258
104.0,17106.994287895097,4668.815272943618
105.0,17106.994134641922,4668.815232877206
106.0,17106.9939842848,4668.815193567942
107.0,17106.993836742447,4668.815154994558
108.0,17106.99369193647,4668.8151171366
109.0,17106.99354979161,4668.815079974337
110.0,17106.993410235096,4668.815043488776
111.0,17106.9932731969,4668.815007661606
112.0,17106.99313860949,4668.814972475166
113.0,17106.993006407705,4668.814937912424
114.0,17106.99287652869,4668.8149039569425
115.0,17106.99274891176,4668.814870592872
116.0,17106.99262349838,4668.814837804875
117.0,17106.99250023194,4668.81480557818
118.0,17106.99237905775,4668.814773898496
119.0,17106.99225992307,4668.8147427520125
120.0,17106.992142776802,4668.81471212538
121.0,17106.9920275696,4668.814682005697
122.0,17106.991914253755,4668.814652380483
123.0,17106.991802783003,4668.814623237659
124.0,17106.991693112745,4668.814594565545
125.0,17106.991585199616,4668.814566352823
126.0,17106.991479001812,4668.814538588551
127.0,17106.99137447871,4668.814511262113
128.0,17106.991271591036,4668.81448436324
129.0,17106.99117030073,4668.814457881982
130.0,17106.991070570853,4668.81443180868
131.0,17106.99097236565,4668.814406133984
132.0,17106.990875650394,4668.8143808488285
133.0,17106.99078039148,4668.81435594441
134.0,17106.990686556233,4668.814331412196
135.0,17106.99059411297,4668.814307243914
136.0,17106.990503031,4668.814283431515
137.0,17106.99041328041,4668.814259967202
138.0,17106.990324832324,4668.814236843399
139.0,17106.990237658516,4668.814214052749
140.0,17106.990151731654,4668.814191588106
141.0,17106.990067025225,4668.814169442523
142.0,17106.98998351334,4668.814147609252
143.0,17106.989901170982,4668.8141260817365
144.0,17106.989819973725,4668.814104853594
145.0,17106.989739897886,4668.814083918632
146.0,17106.989660920302,4668.814063270813
147.0,17106.989583018658,4668.814042904266
148.0,17106.989506171078,4668.814022813294
149.0,17106.98943035626,4668.814002992342
150.0,17106.989355553575,4668.813983435997
151.0,17106.9892817429,4668.813964138996
152.0,17106.989208904637,4668.813945096218
153.0,17106.989137019642,4668.8139263026715
154.0,17106.989066069393,4668.813907753499
155.0,17106.988996035703,4668.8138894439635
156.0,17106.98892690104,4668.813871369447
157.0,17106.988858648114,4668.813853525465
158.0,17106.988791260173,4668.813835907625
159.0,17106.988724720926,4668.813818511665
160.0,17106.988659014423,4668.813801333409
161.0,17106.988594125087,4668.813784368808
162.0,17106.988530037826,4668.813767613895
163.0,17106.98846673782,4668.813751064805
164.0,17106.98840421072,4668.813734717772
165.0,17106.98834244238,4668.8137185691185
166.0,17106.988281419148,4668.813702615259
167.0,17106.988221127533,4668.813686852682
168.0,17106.988161554553,4668.813671277975
169.0,17106.988102687377,4668.813655887794
170.0,17106.988044513557,4668.813640678886
171.0,17106.987987020904,4668.813625648064
172.0,17106.987930197556,4668.813610792219
173.0,17106.987874031878,4668.813596108315
174.0,17106.987818512483,4668.813581593382
175.0,17106.98776362835,4668.813567244524
176.0,17106.987709368594,4668.813553058904
177.0,17106.98765572259,4668.813539033755
178.0,17106.987602680096,4668.813525166368
179.0,17106.98755023086,4668.813511454097
180.0,17106.98749836507,4668.813497894354
181.0,17106.987447073032,4668.813484484613
182.0,17106.987396345226,4668.813471222391
183.0,17106.987346172486,4668.813458105272
184.0,17106.987296545656,4668.813445130885
185.0,17106.987247455938,4668.813432296916
186.0,17106.98719889463,4668.813419601098
187.0,17106.987150853278,4668.8134070412125
188.0,17106.987103323514,4668.813394615087
189.0,17106.987056297305,4668.813382320597
190.0,17106.987009766613,4668.813370155662
191.0,17106.986963723673,4668.813358118245
192.0,17106.98691816088,4668.813346206352
193.0,17106.986873070735,4668.81333441803
194.0,17106.98682844593,4668.813322751365
195.0,17106.986784279285,4668.813311204486
196.0,17106.986740563814,4668.813299775554
197.0,17106.98669729262,4668.81328846278
198.0,17106.98665445895,4668.813277264391
199.0,17106.986612056233,4668.813266178665
200.0,17106.986570077974,4668.8132552039215
201.0,17106.986528517835,4668.813244338484
202.0,17106.986487369635,4668.813233580737
203.0,17106.986446627256,4668.813222929088
204.0,17106.986406284745,4668.813212381979
205.0,17106.986366336154,4668.813201937868
206.0,17106.986326775863,4668.813191595265
207.0,17106.986287598167,4668.813181352689
208.0,17106.98624879753,4668.813171208701
209.0,17106.986210368606,4668.813161161882
210.0,17106.98617230606,4668.813151210846
211.0,17106.98613460464,4668.813141354226
212.0,17106.986097259225,4668.813131590689
213.0,17106.98606026486,4668.813121918915
214.0,17106.986023616544,4668.813112337625
215.0,17106.98598730953,4668.813102845552
216.0,17106.985951338982,4668.813093441452
217.0,17106.985915700323,4668.813084124112
218.0,17106.98588038889,4668.813074892342
219.0,17106.985845400297,4668.813065744959
220.0,17106.98581073011,4668.813056680822
221.0,17106.98577637395,4668.81304769879
222.0,17106.985742327633,4668.813038797752
223.0,17106.985708586944,4668.813029976627
224.0,17106.985675147782,4668.813021234338
225.0,17106.98564200618,4668.813012569832
226.0,17106.98560915818,4668.813003982077
227.0,17106.985576599815,4668.812995470055
228.0,17106.98554432732,4668.812987032777
229.0,17106.985512336974,4668.812978669256
230.0,17106.98548062506,4668.81297037853
231.0,17106.985449187956,4668.812962159655
232.0,17106.985418022166,4668.812954011695
233.0,17106.985387124096,4668.812945933742
234.0,17106.98535649041,4668.8129379248985
235.0,17106.98532611765,4668.812929984282
236.0,17106.985296002516,4668.812922111017
237.0,17106.985266141757,4668.812914304256
238.0,17106.985236532197,4668.81290656316
239.0,17106.9852071706,4668.812898886905
240.0,17106.98517805396,4668.812891274678
241.0,17106.985149179138,4668.812883725682
242.0,17106.985120543202,4668.8128762391325
243.0,17106.985092143124,4668.812868814256
244.0,17106.9850639761,4668.812861450293
245.0,17106.985036039176,4668.812854146499
246.0,17106.985008329633,4668.812846902148
247.0,17106.984980844616,4668.8128397165
248.0,17106.984953581483,4668.8128325888565
249.0,17106.984926537516,4668.812825518518
250.0,17106.9848997101,4668.812818504791
251.0,17106.984873096655,4668.812811546998
252.0,17106.984846694606,4668.81280464448
253.0,17106.984820501475,4668.812797796575
254.0,17106.98479451476,4668.812791002632
255.0,17106.98476873205,4668.812784262034
256.0,17106.984743150904,4668.812777574142
257.0,17106.98471776906,4668.812770938336
258.0,17106.98469258413,4668.81276435402
259.0,17106.984667593868,4668.8127578205895
260.0,17106.984642796,4668.812751337463
261.0,17106.98461818832,4668.81274490406
262.0,17106.98459376864,4668.812738519811
263.0,17106.98456953479,4668.812732184152
264.0,17106.984545484767,4668.812725896537
265.0,17106.984521616378,4668.81271965641
266.0,17106.98449792758,4668.812713463245
267.0,17106.98447441641,4668.812707316511
268.0,17106.98445108085,4668.8127012156865
269.0,17106.984427918935,4668.812695160265
270.0,17106.98440492873,4668.812689149731
271.0,17106.984382108323,4668.8126831836
272.0,17106.984359455906,4668.81267726137
273.0,17106.984336969548,4668.812671382564
274.0,17106.984314647463,4668.812665546707
275.0,17106.984292487894,4668.812659753333
276.0,17106.984270488996,4668.812654001967
277.0,17106.984248649067,4668.812648292166
278.0,17106.98422696641,4668.812642623483
279.0,17106.984205439294,4668.8126369954625
280.0,17106.984184066114,4668.8126314076835
281.0,17106.984162845176,4668.812625859702
282.0,17106.984141774843,4668.812620351103
283.0,17106.98412085353,4668.812614881467
284.0,17106.98410007971,4668.8126094503805
285.0,17106.98407945178,4668.812604057441
286.0,17106.984058968214,4668.812598702242
287.0,17106.984038627546,4668.812593384394
288.0,17106.984018428186,4668.812588103506
289.0,17106.983998368767,4668.812582859197
290.0,17106.983978447784,4668.812577651086
291.0,17106.983958663834,4668.812572478794
292.0,17106.98393901554,4668.812567341959
293.0,17106.98391950144,4668.8125622402185
294.0,17106.983900120194,4668.812557173212
295.0,17106.983880870474,4668.812552140581
296.0,17106.983861750876,4668.81254714199
297.0,17106.983842760168,4668.812542177082
298.0,17106.983823897015,4668.812537245524
299.0,17106.98380516017,4668.812532346979
300.0,17106.98378654829,4668.812527481119
301.0,17106.983768060174,4668.812522647615
302.0,17106.98374969463,4668.812517846146
303.0,17106.9837314504,4668.812513076394
304.0,17106.983713326306,4668.81250833805
305.0,17106.983695321134,4668.812503630802
306.0,17106.98367743369,4668.812498954341
307.0,17106.98365966295,4668.812494308375
308.0,17106.98364200765,4668.812489692598
309.0,17106.98362446672,4668.812485106722
310.0,17106.98360703904,4668.812480550451
311.0,17106.983589723553,4668.812476023513
312.0,17106.983572519137,4668.812471525606
313.0,17106.983555424737,4668.81246705647
314.0,17106.98353843927,4668.81246261582
315.0,17106.983521561786,4668.812458203388
316.0,17106.983504791213,4668.8124538188995
317.0,17106.983488126458,4668.8124494621
318.0,17106.983471566637,4668.8124451327185
319.0,17106.983455110763,4668.81244083051
320.0,17106.983438757743,4668.812436555205
321.0,17106.98342250672,4668.812432306555
322.0,17106.98340635672,4668.81242808432
323.0,17106.983390306807,4668.812423888246
324.0,17106.983374356012,4668.812419718099
325.0,17106.983358503443,4668.812415573627
326.0,17106.98334274822,4668.812411454607
327.0,17106.983327089456,4668.812407360791
328.0,17106.983311526234,4668.812403291962
329.0,17106.983296057693,4668.812399247886
330.0,17106.983280682955,4668.812395228334
331.0,17106.98326540118,4668.812391233093
332.0,17106.983250211575,4668.812387261939
333.0,17106.983235113214,4668.8123833146465
334.0,17106.98322010541,4668.812379391013
335.0,17106.98320518719,4668.812375490825
336.0,17106.983190357874,4668.812371613866
337.0,17106.98317561666,4668.812367759931
338.0,17106.983160962667,4668.812363928822
339.0,17106.98314639523,4668.812360120326
340.0,17106.983131913545,4668.812356334255
341.0,17106.983117516837,4668.812352570403
342.0,17106.983103204417,4668.812348828582
343.0,17106.98308897551,4668.812345108595
344.0,17106.983074829357,4668.812341410246
345.0,17106.98306076529,4668.81233773336
346.0,17106.983046782596,4668.812334077737
347.0,17106.98303288054,4668.812330443201
348.0,17106.98301905846,4668.812326829571
349.0,17106.983005315607,4668.812323236666
350.0,17106.982991651348,4668.812319664298
351.0,17106.98297806504,4668.812316112311
352.0,17106.982964555966,4668.812312580518
353.0,17106.98295112349,4668.812309068747
354.0,17106.98293776693,4668.812305576832
355.0,17106.982924485717,4668.8123021046
356.0,17106.98291127914,4668.812298651892
357.0,17106.98289814661,4668.812295218543
358.0,17106.982885087506,4668.812291804391
359.0,17106.98287210118,4668.8122884092645
360.0,17106.982859187076,4668.812285033024
361.0,17106.98284634457,4668.812281675495
362.0,17106.98283357306,4668.812278336526
363.0,17106.982820871977,4668.812275015972
364.0,17106.98280824073,4668.812271713677
365.0,17106.98279567872,4668.812268429488
366.0,17106.982783185453,4668.812265163253
367.0,17106.982770760274,4668.812261914834
368.0,17106.98275840267,4668.812258684087
369.0,17106.982746112095,4668.812255470855
370.0,17106.982733888035,4668.812252275008
371.0,17106.982721729888,4668.812249096402
372.0,17106.98270963719,4668.812245934895
373.0,17106.982697609328,4668.8122427903545
374.0,17106.982685645857,4668.81223966264
375.0,17106.98267374623,4668.812236551619
376.0,17106.982661909955,4668.812233457155
377.0,17106.982650136495,4668.8122303791215
378.0,17106.982638425372,4668.812227317388
379.0,17106.98262677612,4668.812224271816
380.0,17106.98261518823,4668.81222124229
381.0,17106.982603661163,4668.812218228672
382.0,17106.982592194498,4668.812215230853
383.0,17106.982580787775,4668.812212248688
384.0,17106.98256944049,4668.812209282071
385.0,17106.9825581522,4668.812206330877
386.0,17106.98254692245,4668.81220339498
387.0,17106.982535750736,4668.812200474267
388.0,17106.982524636696,4668.812197568626
389.0,17106.98251357981,4668.812194677929
390.0,17106.982502579674,4668.812191802067
391.0,17106.982491635816,4668.812188940922
392.0,17106.98248074785,4668.812186094389
393.0,17106.982469915336,4668.812183262353
394.0,17106.982459137867,4668.812180444702
395.0,17106.982448414943,4668.8121776413245
396.0,17106.982437746286,4668.812174852116
397.0,17106.982427131356,4668.812172076969
398.0,17106.982416569852,4668.81216931578
399.0,17106.982406061285,4668.812166568438
400.0,17106.98239560528,4668.812163834837
401.0,17106.982385201474,4668.812161114885
402.0,17106.982374849507,4668.812158408471
403.0,17106.982364548912,4668.812155715502
404.0,17106.982354299318,4668.812153035871
405.0,17106.982344100416,4668.8121503694765
406.0,17106.982333951782,4668.812147716231
407.0,17106.982323853063,4668.812145076031
408.0,17106.982313803845,4668.812142448786
409.0,17106.98230380381,4668.812139834391
410.0,17106.982293852612,4668.812137232759
411.0,17106.98228394981,4668.812134643793
412.0,17106.982274095197,4668.812132067407
413.0,17106.982264288272,4668.812129503506
414.0,17106.982254528775,4668.812126952002
415.0,17106.982244816347,4668.812124412795
416.0,17106.982235150652,4668.812121885805
417.0,17106.982225531345,4668.812119370946
418.0,17106.98221595806,4668.812116868126
419.0,17106.982206430548,4668.812114377262
420.0,17106.982196948386,4668.8121118982635
421.0,17106.982187511334,4668.812109431053
422.0,17106.98217811903,4668.81210697554
423.0,17106.98216877115,4668.8121045316475
424.0,17106.982159467396,4668.812102099288
425.0,17106.98215020747,4668.812099678385
426.0,17106.982140991026,4668.812097268852
427.0,17106.98213181779,4668.812094870611
428.0,17106.982122687456,4668.812092483588
429.0,17106.982113599675,4668.812090107698
430.0,17106.982104554252,4668.812087742866
431.0,17106.98209555077,4668.812085389017
432.0,17106.982086589018,4668.812083046069
433.0,17106.982077668687,4668.81208071395
434.0,17106.982068789508,4668.812078392586
435.0,17106.98205995117,4668.812076081908
436.0,17106.982051153376,4668.812073781829
437.0,17106.982042395877,4668.812071492286
438.0,17106.98203367844,4668.812069213204
439.0,17106.982025000703,4668.812066944512
440.0,17106.98201636243,4668.81206468613
441.0,17106.98200776337,4668.812062438005
442.0,17106.981999203246,4668.812060200058
443.0,17106.98199068178,4668.812057972221
444.0,17106.981982198733,4668.812055754423
445.0,17106.981973753846,4668.8120535466
446.0,17106.981965346833,4668.812051348689
447.0,17106.981956977477,4668.812049160614
448.0,17106.981948645476,4668.812046982312
449.0,17106.981940350644,4668.81204481372
450.0,17106.9819320927,4668.812042654774
451.0,17106.981923871364,4668.812040505409
452.0,17106.981915686483,4668.812038365556
453.0,17106.98190753773,4668.812036235158
454.0,17106.981899424904,4668.812034114152
455.0,17106.98189134772,4668.812032002475
456.0,17106.981883306034,4668.812029900062
457.0,17106.981875299552,4668.812027806858
458.0,17106.981867328028,4668.812025722804
459.0,17106.98185939131,4668.812023647833
460.0,17106.98185148909,4668.812021581888
461.0,17106.98184362118,4668.812019524909
462.0,17106.981835787312,4668.8120174768455
463.0,17106.981827987343,4668.812015437633
464.0,17106.98182022103,4668.812013407216
465.0,17106.98181248812,4668.812011385532
466.0,17106.98180478843,4668.812009372534
467.0,17106.98179712173,4668.812007368163
468.0,17106.981789487836,4668.812005372366
469.0,17106.981781886465,4668.812003385078
470.0,17106.98177431749,4668.812001406255
471.0,17106.981766780656,4668.811999435839
472.0,17106.981759275783,4668.8119974737765
473.0,17106.981751802687,4668.811995520019
474.0,17106.981744361103,4668.811993574505
475.0,17106.981736950882,4668.811991637195
476.0,17106.98172957183,4668.811989708024
477.0,17106.981722223736,4668.811987786948
478.0,17106.981714906393,4668.811985873916
479.0,17106.981707619638,4668.811983968877
480.0,17106.98170036325,4668.811982071777
481.0,17106.981693137055,4668.811980182572
482.0,17106.98168594086,4668.811978301206
483.0,17106.981678774508,4668.811976427642
484.0,17106.981671637754,4668.811974561825
485.0,17106.98166453045,4668.811972703701
486.0,17106.981657452397,4668.8119708532295
487.0,17106.98165040345,4668.81196901036
488.0,17106.981643383402,4668.811967175049
489.0,17106.98163639211,4668.811965347253
490.0,17106.981629429334,4668.811963526922
491.0,17106.98162249495,4668.811961714009
492.0,17106.981615588767,4668.811959908467
493.0,17106.98160871064,4668.811958110255
494.0,17106.981601860367,4668.811956319328
495.0,17106.981595037778,4668.811954535642
496.0,17106.981588242677,4668.811952759148
497.0,17106.981581474996,4668.811950989811
498.0,17106.981574734524,4668.811949227582
499.0,17106.981568021027,4668.811947472424
500.0,17106.981561334425,4668.81194572429
501.0,17106.98155467453,4668.811943983134
502.0,17106.98154804118,4668.811942248926
503.0,17106.981541434223,4668.811940521615
504.0,17106.981534853494,4668.811938801158
505.0,17106.981528298857,4668.811937087519
506.0,17106.981521770118,4668.811935380662
507.0,17106.98151526719,4668.811933680537
508.0,17106.981508789853,4668.811931987113
509.0,17106.981502337978,4668.811930300346
510.0,17106.98149591144,4668.8119286201945
511.0,17106.981489510028,4668.81192694663
512.0,17106.98148313367,4668.811925279599
513.0,17106.981476782177,4668.811923619076
514.0,17106.98147045543,4668.811921965015
515.0,17106.98146415323,4668.811920317384
516.0,17106.981457875485,4668.8119186761405
517.0,17106.981451622054,4668.811917041251
518.0,17106.981445392757,4668.811915412675
519.0,17106.98143918749,4668.81191379038
520.0,17106.981433006105,4668.8119121743275
521.0,17106.981426848455,4668.811910564483
522.0,17106.98142071442,4668.811908960808
523.0,17106.98141460385,4668.8119073632715
524.0,17106.98140851664,4668.811905771834
525.0,17106.981402452606,4668.811904186462
526.0,17106.981396411633,4668.811902607126
527.0,17106.981390393605,4668.811901033784
528.0,17106.981384398376,4668.811899466404
529.0,17106.98137842586,4668.811897904955
530.0,17106.98137247589,4668.8118963494035
531.0,17106.98136654834,4668.811894799709
532.0,17106.981360643083,4668.811893255845
533.0,17106.98135475997,4668.811891717781
534.0,17106.981348898935,4668.811890185478
535.0,17106.981343059797,4668.811888658908
536.0,17106.981337242476,4668.811887138038
537.0,17106.98133144685,4668.81188562283
538.0,17106.98132567275,4668.811884113262
539.0,17106.98131992011,4668.8118826093
540.0,17106.981314188746,4668.811881110908
541.0,17106.981308478633,4668.811879618059
542.0,17106.98130278959,4668.811878130723
543.0,17106.98129712149,4668.811876648867
544.0,17106.98129147426,4668.811875172467
545.0,17106.981285847764,4668.811873701479
546.0,17106.98128024189,4668.8118722358895
547.0,17106.981274656515,4668.811870775657
548.0,17106.98126909156,4668.811869320758
549.0,17106.981263546848,4668.811867871165
550.0,17106.981258022326,4668.811866426843
551.0,17106.981252517886,4668.811864987767
552.0,17106.981247033375,4668.81186355391
553.0,17106.981241568716,4668.811862125237
554.0,17106.981236123826,4668.811860701729
555.0,17106.981230698544,4668.81185928335
556.0,17106.98122529277,4668.8118578700805
557.0,17106.981219906418,4668.811856461884
558.0,17106.98121453944,4668.81185505874
559.0,17106.981209191603,4668.8118536606125
560.0,17106.981203862935,4668.811852267491
561.0,17106.98119855324,4668.811850879329
562.0,17106.981193262465,4668.811849496118
563.0,17106.981187990477,4668.811848117822
564.0,17106.981182737196,4668.811846744415
565.0,17106.981177502523,4668.811845375872
566.0,17106.98117228635,4668.811844012165
567.0,17106.98116708863,4668.811842653275
568.0,17106.98116190916,4668.81184129917
569.0,17106.98115674797,4668.811839949828
570.0,17106.981151604825,4668.811838605222
571.0,17106.981146479746,4668.811837265331
572.0,17106.98114137261,4668.811835930122
573.0,17106.981136283313,4668.811834599582
574.0,17106.981131211724,4668.811833273677
575.0,17106.981126157778,4668.811831952389
576.0,17106.981121121426,4668.811830635687
577.0,17106.981116102528,4668.811829323554
578.0,17106.98111110098,4668.8118280159615
579.0,17106.981106116767,4668.81182671289
580.0,17106.981101149693,4668.8118254143155
581.0,17106.9810961998,4668.811824120208
582.0,17106.981091266858,4668.8118228305575
583.0,17106.981086350894,4668.811821545333
584.0,17106.981081451744,4668.811820264503
585.0,17106.981076569344,4668.811818988067
586.0,17106.98107170366,4668.811817715979
587.0,17106.981066854518,4668.811816448231
588.0,17106.9810620219,4668.811815184799
589.0,17106.98105720571,4668.811813925659
590.0,17106.981052405852,4668.81181267079
591.0,17106.9810476222,4668.811811420168
592.0,17106.981042854746,4668.811810173774
593.0,17106.981038103393,4668.811808931583
594.0,17106.981033368054,4668.81180769358
595.0,17106.981028648617,4668.811806459742
596.0,17106.981023945023,4668.811805230042
597.0,17106.981019257208,4668.811804004467
598.0,17106.981014585093,4668.811802782991
599.0,17106.98100992857,4668.811801565597
600.0,17106.981005287565,4668.811800352265
601.0,17106.981000661985,4668.811799142971
602.0,17106.980996051818,4668.8117979376975
603.0,17106.98099145698,4668.811796736422
604.0,17106.980986877326,4668.81179553913
605.0,17106.98098231283,4668.811794345795
606.0,17106.980977763393,4668.811793156396
607.0,17106.980973228972,4668.811791970922
608.0,17106.9809687095,4668.811790789351
609.0,17106.98096420483,4668.811789611658
610.0,17106.980959714936,4668.811788437835
611.0,17106.98095523975,4668.811787267853
612.0,17106.980950779223,4668.811786101695
613.0,17106.980946333268,4668.811784939347
614.0,17106.98094190176,4668.811783780785
615.0,17106.980937484677,4668.811782625993
616.0,17106.98093308193,4668.811781474947
617.0,17106.980928693516,4668.81178032764
618.0,17106.980924319258,4668.811779184045
619.0,17106.980919959195,4668.811778044148
620.0,17106.980915613163,4668.811776907931
621.0,17106.980911281124,4668.811775775379
622.0,17106.98090696306,4668.811774646464
623.0,17106.980902658834,4668.811773521177
624.0,17106.980898368427,4668.811772399498
625.0,17106.98089409175,4668.81177128141
626.0,17106.98088982875,4668.811770166899
627.0,17106.98088557933,4668.811769055943
628.0,17106.98088134347,4668.811767948526
629.0,17106.98087712112,4668.811766844631
630.0,17106.980872912114,4668.811765744242
631.0,17106.98086871648,4668.811764647346
632.0,17106.98086453413,4668.811763553917
633.0,17106.980860365053,4668.811762463952
634.0,17106.98085620905,4668.811761377424
635.0,17106.98085206619,4668.811760294318
636.0,17106.980847936364,4668.811759214618
637.0,17106.980843819492,4668.811758138314
638.0,17106.98083971553,4668.8117570653885
639.0,17106.980835624454,4668.811755995816
640.0,17106.98083154615,4668.811754929593
641.0,17106.980827480573,4668.811753866695
642.0,17106.980823427664,4668.811752807113
643.0,17106.980819387383,4668.8117517508235
644.0,17106.98081535964,4668.811750697818
645.0,17106.980811344405,4668.811749648081
646.0,17106.980807341584,4668.8117486015935
647.0,17106.980803351147,4668.811747558344
648.0,17106.98079937306,4668.811746518312
649.0,17106.980795407217,4668.811745481491
650.0,17106.98079145357,4668.811744447859
651.0,17106.98078751213,4668.811743417408
652.0,17106.980783582716,4668.811742390117
653.0,17106.980779665388,4668.811741365975
654.0,17106.98077576004,4668.811740344965
655.0,17106.98077186662,4668.811739327073
656.0,17106.980767985056,4668.811738312286
657.0,17106.980764115317,4668.811737300592
658.0,17106.980760257353,4668.811736291975
659.0,17106.98075641113,4668.811735286417
660.0,17106.980752576554,4668.811734283913
661.0,17106.98074875356,4668.811733284439
662.0,17106.980744942153,4668.811732287987
663.0,17106.98074114224,4668.811731294541
664.0,17106.98073735379,4668.811730304093
665.0,17106.98073357673,4668.811729316624
666.0,17106.980729811006,4668.81172833212
667.0,17106.98072605656,4668.81172735057
668.0,17106.98072231338,4668.8117263719605
669.0,17106.980718581424,4668.811725396279
670.0,17106.980714860576,4668.811724423511
671.0,17106.98071115083,4668.811723453645
672.0,17106.980707452178,4668.811722486663
673.0,17106.980703764446,4668.811721522557
674.0,17106.980700087715,4668.811720561318
675.0,17106.98069642185,4668.8117196029225
676.0,17106.98069276686,4668.8117186473655
677.0,17106.980689122676,4668.811717694634
678.0,17106.98068548922,4668.8117167447135
679.0,17106.9806818665,4668.811715797591
680.0,17106.980678254415,4668.811714853256
681.0,17106.980674652994,4668.811713911698
682.0,17106.98067106206,4668.8117129729
683.0,17106.980667481683,4668.811712036853
684.0,17106.9806639118,4668.811711103546
685.0,17106.980660352325,4668.811710172964
686.0,17106.98065680325,4668.8117092450975
687.0,17106.980653264505,4668.811708319935
688.0,17106.98064973603,4668.81170739746
689.0,17106.980646217817,4668.811706477664
690.0,17106.980642709834,4668.811705560533
691.0,17106.980639211968,4668.811704646062
692.0,17106.980635724223,4668.811703734234
693.0,17106.980632246574,4668.811702825039
694.0,17106.980628778918,4668.811701918465
695.0,17106.980625321263,4668.811701014502
696.0,17106.980621873565,4668.811700113137
697.0,17106.980618435744,4668.8116992143605
698.0,17106.980615007767,4668.811698318159
699.0,17106.98061158961,4668.811697424523
700.0,17106.98060818124,4668.811696533443
701.0,17106.98060478259,4668.811695644907
702.0,17106.980601393607,4668.811694758901
703.0,17106.980598014314,4668.811693875418
704.0,17106.980594644585,4668.811692994441
705.0,17106.980591284435,4668.8116921159735
706.0,17106.98058793381,4668.81169123999
707.0,17106.9805845927,4668.811690366486
708.0,17106.98058126099,4668.811689495453
709.0,17106.980577938677,4668.811688626875
710.0,17106.980574625733,4668.811687760751
711.0,17106.980571322118,4668.811686897058
712.0,17106.980568027804,4668.811686035795
713.0,17106.980564742735,4668.811685176951
714.0,17106.98056146686,4668.811684320508
715.0,17106.980558200175,4668.811683466471
716.0,17106.980554942573,4668.8116826148125
717.0,17106.980551694083,4668.811681765534
718.0,17106.980548454656,4668.811680918621
719.0,17106.980545224214,4668.8116800740645
720.0,17106.98054200277,4668.811679231855
721.0,17106.980538790274,4668.811678391982
722.0,17106.980535586674,4668.811677554441
723.0,17106.980532391946,4668.811676719215
724.0,17106.98052920602,4668.8116758863
725.0,17106.980526028903,4668.811675055678
726.0,17106.980522860576,4668.8116742273505
727.0,17106.980519700926,4668.811673401301
728.0,17106.980516550004,4668.811672577517
729.0,17106.98051340769,4668.811671756004
730.0,17106.980510273996,4668.811670936736
731.0,17106.980507148895,4668.811670119715
732.0,17106.980504032304,4668.811669304923
733.0,17106.98050092426,4668.811668492356
734.0,17106.98049782468,4668.811667682003
735.0,17106.980494733514,4668.811666873863
736.0,17106.98049165077,4668.81166606791
737.0,17106.980488576388,4668.811665264146
738.0,17106.980485510354,4668.811664462567
739.0,17106.98048245261,4668.81166366316
740.0,17106.980479403148,4668.811662865914
741.0,17106.980476361892,4668.811662070818
742.0,17106.980473328873,4668.811661277861
743.0,17106.98047030397,4668.811660487044
744.0,17106.980467287278,4668.811659698354
745.0,17106.98046427861,4668.811658911786
746.0,17106.980461278043,4668.811658127322
747.0,17106.980458285536,4668.811657344959
748.0,17106.980455301033,4668.811656564694
749.0,17106.980452324482,4668.811655786508
750.0,17106.980449355862,4668.811655010404
751.0,17106.98044639515,4668.811654236363
752.0,17106.980443442313,4668.811653464382
753.0,17106.980440497366,4668.811652694452
754.0,17106.980437560214,4668.811651926566
755.0,17106.980434630826,4668.811651160719
756.0,17106.980431709202,4668.811650396894
757.0,17106.98042879532,4668.811649635092
758.0,17106.98042588911,4668.811648875297
759.0,17106.980422990582,4668.811648117504
760.0,17106.980420099662,4668.8116473617065
761.0,17106.98041721632,4668.8116466079
762.0,17106.9804143406,4668.811645856071
763.0,17106.98041147241,4668.811645106212
764.0,17106.980408611707,4668.81164435832
765.0,17106.980405758502,4668.811643612384
766.0,17106.98040291274,4668.811642868394
767.0,17106.980400074437,4668.8116421263485
768.0,17106.980397243467,4668.811641386234
769.0,17106.980394419887,4668.811640648043
770.0,17106.980391603676,4668.811639911772
771.0,17106.980388794724,4668.811639177407
772.0,17106.98038599309,4668.811638444954
773.0,17106.98038319872,4668.8116377143915
774.0,17106.980380411576,4668.8116369857225
775.0,17106.980377631553,4668.81163625893
776.0,17106.980374858762,4668.8116355340135
777.0,17106.980372093112,4668.811634810964
778.0,17106.980369334557,4668.811634089771
779.0,17106.980366583095,4668.81163337043
780.0,17106.98036383865,4668.811632652936
781.0,17106.980361101312,4668.811631937284
782.0,17106.980358370947,4668.811631223459
783.0,17106.980355647505,4668.811630511459
784.0,17106.980352931114,4668.8116298012765
785.0,17106.980350221573,4668.811629092906
786.0,17106.98034751894,4668.811628386338
787.0,17106.980344823212,4668.811627681562
788.0,17106.980342134284,4668.8116269785805
789.0,17106.98033945219,4668.811626277379
790.0,17106.980336776895,4668.811625577958
791.0,17106.98033410837,4668.811624880298
792.0,17106.98033144658,4668.811624184404
793.0,17106.980328791517,4668.811623490269
794.0,17106.98032614314,4668.81162279788
795.0,17106.98032350143,4668.811622107235
796.0,17106.98032086637,4668.81162141833
797.0,17106.980318237867,4668.81162073115
798.0,17106.980315616005,4668.811620045694
799.0,17106.980313000724,4668.811619361955
800.0,17106.980310391948,4668.811618679919
801.0,17106.98030778971,4668.811617999596
802.0,17106.980305193967,4668.811617320966
803.0,17106.980302604687,4668.811616644025
804.0,17106.980300021874,4668.811615968774
805.0,17106.980297445418,4668.811615295198
806.0,17106.980294875397,4668.811614623293
807.0,17106.980292311742,4668.811613953059
808.0,17106.98028975443,4668.811613284482
809.0,17106.980287203456,4668.811612617559
810.0,17106.98028465875,4668.81161195228
811.0,17106.980282120345,4668.811611288647
812.0,17106.980279588202,4668.811610626644
813.0,17106.980277062295,4668.8116099662775
814.0,17106.98027454261,4668.811609307525
815.0,17106.980272029086,4668.811608650394
816.0,17106.980269521733,4668.8116079948795
817.0,17106.980267020506,4668.811607340966
818.0,17106.98026452544,4668.8116066886505
819.0,17106.980262036406,4668.811606037932
820.0,17106.98025955349,4668.811605388796
821.0,17106.98025707659,4668.811604741247
822.0,17106.98025460574,4668.8116040952755
823.0,17106.980252140922,4668.811603450871
824.0,17106.980249682034,4668.811602808032
825.0,17106.980247229196,4668.811602166748
826.0,17106.980244782197,4668.811601527027
827.0,17106.98024234119,4668.811600888846
828.0,17106.980239906068,4668.811600252208
829.0,17106.9802374768,4668.811599617106
830.0,17106.980235053434,4668.81159898354
831.0,17106.980232635844,4668.811598351495
832.0,17106.980230224086,4668.811597720969
833.0,17106.980227818098,4668.811597091958
834.0,17106.980225417927,4668.811596464461
835.0,17106.980223023507,4668.811595838464
836.0,17106.980220634803,4668.811595213966
837.0,17106.98021825182,4668.8115945909585
838.0,17106.980215874497,4668.81159396944
839.0,17106.980213502873,4668.8115933494055
840.0,17106.980211136895,4668.811592730849
841.0,17106.980208776546,4668.811592113761
842.0,17106.980206421787,4668.811591498138
843.0,17106.980204072628,4668.811590883978
844.0,17106.980201729042,4668.811590271276
845.0,17106.980199391,4668.811589660023
846.0,17106.980197058478,4668.811589050214
847.0,17106.980194731477,4668.811588441851
848.0,17106.98019240999,4668.811587834915
849.0,17106.98019009394,4668.811587229417
850.0,17106.98018778335,4668.81158662534
851.0,17106.980185478194,4668.811586022684
852.0,17106.980183178453,4668.811585421444
853.0,17106.980180884086,4668.811584821617
854.0,17106.980178595142,4668.811584223188
855.0,17106.980176311517,4668.811583626166
856.0,17106.980174033244,4668.811583030537
857.0,17106.980171760282,4668.811582436295
858.0,17106.980169492625,4668.811581843444
859.0,17106.98016723026,4668.811581251972
860.0,17106.980164973156,4668.81158066188
861.0,17106.98016272125,4668.811580073148
862.0,17106.980160474628,4668.811579485797
863.0,17106.980158233186,4668.811578899801
864.0,17106.98015599696,4668.811578315161
865.0,17106.98015376587,4668.8115777318735
866.0,17106.980151539967,4668.811577149934
867.0,17106.980149319203,4668.811576569338
868.0,17106.980147103535,4668.811575990082
869.0,17106.98014489298,4668.811575412156
870.0,17106.9801426875,4668.811574835567
871.0,17106.980140487114,4668.811574260293
872.0,17106.98013829174,4668.811573686343
873.0,17106.98013610141,4668.811573113709
874.0,17106.980133916102,4668.811572542383
875.0,17106.980131735785,4668.811571972366
876.0,17106.98012956046,4668.811571403651
877.0,17106.980127390092,4668.811570836231
878.0,17106.980125224643,4668.811570270105
879.0,17106.980123064157,4668.811569705267
880.0,17106.98012090856,4668.811569141714
881.0,17106.980118757867,4668.811568579445
882.0,17106.980116612052,4668.811568018449
883.0,17106.98011447111,4668.811567458725
884.0,17106.980112335044,4668.811566900262
885.0,17106.980110203738,4668.811566343066
886.0,17106.98010807729,4668.81156578713
887.0,17106.980105955627,4668.811565232444
888.0,17106.980103838738,4668.811564679009
889.0,17106.98010172663,4668.811564126825
890.0,17106.980099619257,4668.81156357587
891.0,17106.980097516614,4668.811563026165
892.0,17106.980095418698,4668.8115624776865
893.0,17106.980093325474,4668.81156193044
894.0,17106.980091236932,4668.811561384416
895.0,17106.98008915308,4668.811560839613
896.0,17106.980087073825,4668.811560296025
897.0,17106.98008499925,4668.8115597536535
898.0,17106.980082929298,4668.811559212489
899.0,17106.98008086397,4668.811558672525
900.0,17106.980078803226,4668.811558133771
901.0,17106.98007674701,4668.811557596198
902.0,17106.980074695395,4668.811557059829
903.0,17106.98007264834,4668.811556524647
904.0,17106.980070605798,4668.81155599065
905.0,17106.980068567766,4668.81155545783
906.0,17106.980066534248,4668.811554926186
907.0,17106.9800645052,4668.811554395723
908.0,17106.980062480634,4668.8115538664215
909.0,17106.980060460515,4668.811553338286
910.0,17106.980058444868,4668.8115528113085
911.0,17106.980056433604,4668.811552285493
912.0,17106.980054426753,4668.811551760834
913.0,17106.980052424344,4668.81155123732
914.0,17106.980050426286,4668.811550714952
915.0,17106.980048432597,4668.811550193729
916.0,17106.980046443266,4668.811549673642
917.0,17106.98004445829,4668.81154915469
918.0,17106.98004247765,4668.81154863687
919.0,17106.980040501257,4668.811548120177
920.0,17106.980038529215,4668.81154760461
921.0,17106.980036561436,4668.8115470901585
922.0,17106.98003459794,4668.811546576824
923.0,17106.9800326387,4668.811546064601
924.0,17106.98003068373,4668.811545553493
925.0,17106.98002873296,4668.811545043488
926.0,17106.980026786398,4668.811544534583
927.0,17106.980024844015,4668.811544026779
928.0,17106.98002290587,4668.811543520069
929.0,17106.980020971896,4668.81154301445
930.0,17106.98001904207,4668.811542509919
931.0,17106.980017116362,4668.811542006471
932.0,17106.98001519485,4668.811541504103
933.0,17106.980013277403,4668.811541002817
934.0,17106.980011364078,4668.811540502602
935.0,17106.980009454863,4668.811540003455
936.0,17106.980007549704,4668.811539505377
937.0,17106.98000564866,4668.811539008366
938.0,17106.9800037516,4668.811538512411
939.0,17106.98000185864,4668.811538017513
940.0,17106.97999996968,4668.81153752367
941.0,17106.97999808473,4668.811537030875
942.0,17106.979996203805,4668.811536539127
943.0,17106.979994326866,4668.811536048427
944.0,17106.979992453904,4668.811535558758
945.0,17106.979990584932,4668.811535070134
946.0,17106.979988719857,4668.811534582537
947.0,17106.979986858776,4668.811534095974
948.0,17106.979985001588,4668.811533610439
949.0,17106.979983148354,4668.811533125925
950.0,17106.97998129898,4668.811532642432
951.0,17106.9799794535,4668.811532159958
952.0,17106.979977611947,4668.811531678499
953.0,17106.97997577419,4668.811531198049
954.0,17106.979973940324,4668.811530718603
955.0,17106.979972110315,4668.811530240164
956.0,17106.979970284086,4668.811529762728
957.0,17106.97996846169,4668.811529286287
958.0,17106.97996664315,4668.811528810845
959.0,17106.97996482838,4668.811528336392
960.0,17106.979963017395,4668.811527862931
961.0,17106.979961210185,4668.811527390448
962.0,17106.9799594067,4668.811526918957
963.0,17106.979957606964,4668.811526448442
964.0,17106.979955811,4668.811525978902
965.0,17106.97995401873,4668.81152551034
966.0,17106.979952230173,4668.811525042743
967.0,17106.979950445337,4668.811524576114
968.0,17106.979948664168,4668.8115241104515
969.0,17106.979946886702,4668.811523645749
970.0,17106.9799451129,4668.811523182
971.0,17106.97994334271,4668.811522719219
972.0,17106.979941576214,4668.811522257387
973.0,17106.97993981332,4668.811521796501
974.0,17106.979938054057,4668.811521336561
975.0,17106.979936298394,4668.811520877569
976.0,17106.97993454636,4668.811520419513
977.0,17106.979932797905,4668.811519962398
978.0,17106.979931052992,4668.811519506218
979.0,17106.979929311674,4668.811519050972
980.0,17106.97992757391,4668.811518596652
981.0,17106.979925839685,4668.811518143257
982.0,17106.979924109022,4668.8115176907895
983.0,17106.979922381837,4668.8115172392445
984.0,17106.97992065815,4668.811516788614
985.0,17106.979918938032,4668.811516338901
986.0,17106.979917221364,4668.811515890098
987.0,17106.979915508196,4668.8115154422085
988.0,17106.97991379844,4668.811514995222
989.0,17106.979912092196,4668.811514549144
990.0,17106.97991038939,4668.811514103963
991.0,17106.979908690002,4668.811513659685
992.0,17106.97990699406,4668.811513216299
993.0,17106.97990530157,4668.81151277381
994.0,17106.979903612442,4668.811512332209
995.0,17106.979901926738,4668.811511891494
996.0,17106.9799002444,4668.8115114516695
997.0,17106.979898565427,4668.811511012726
998.0,17106.979896889843,4668.811510574662
999.0,17106.979895217562,4668.811510137472
1000.0,17106.97989354869,4668.811509701162
